date,close
1999-09-14,256.75
1999-09-15,257.15
1999-09-16,255.9
1999-09-17,255.1
1999-09-20,255.4
1999-09-21,258.85
1999-09-22,263.4
1999-09-23,264.35
1999-09-24,270
1999-09-27,281.1
1999-09-28,301.5
1999-09-29,307
1999-09-30,299
1999-10-01,307.5
1999-10-04,312.75
1999-10-05,325.5
1999-10-06,318.25
1999-10-07,323.5
1999-10-08,323.25
1999-10-11,317.75
1999-10-12,320.25
1999-10-13,321.75
1999-10-14,321
1999-10-15,315.75
1999-10-18,311.75
1999-10-19,309.5
1999-10-20,307
1999-10-21,302.85
1999-10-22,302.4
1999-10-25,302
1999-10-26,296.4
1999-10-27,290.6
1999-10-28,296.25
1999-10-29,299.1
1999-11-01,291.35
1999-11-02,290.75
1999-11-03,291
1999-11-04,290.6
1999-11-05,289.7
1999-11-08,288.25
1999-11-09,290.75
1999-11-10,295.75
1999-11-11,296
1999-11-12,291.25
1999-11-15,290.9
1999-11-16,294.25
1999-11-17,293.65
1999-11-18,293.6
1999-11-19,293.75
1999-11-22,294.9
1999-11-23,297.25
1999-11-24,297.5
1999-11-25,298.4
1999-11-26,296.85
1999-11-29,292.25
1999-11-30,291.35
1999-12-01,289.15
1999-12-02,286
1999-12-03,282.75
1999-12-06,276.1
1999-12-07,279.25
1999-12-08,280.95
1999-12-09,279
1999-12-10,280.65
1999-12-13,279.5
1999-12-14,279.25
1999-12-15,280.05
1999-12-16,280.3
1999-12-17,284.15
1999-12-20,284.25
1999-12-21,282.75
1999-12-22,285.75
1999-12-23,287.3
1999-12-29,290.9
1999-12-30,290.25
2000-01-04,281.5
2000-01-05,280.45
2000-01-06,279.4
2000-01-07,282.1
2000-01-10,281.6
2000-01-11,282.25
2000-01-12,282.25
2000-01-13,282.1
2000-01-14,283.3
2000-01-17,285.35
2000-01-18,285.8
2000-01-19,287.65
2000-01-20,288.1
2000-01-21,287.75
2000-01-24,287.2
2000-01-25,288
2000-01-26,285.9
2000-01-27,285.55
2000-01-28,286.75
2000-01-31,283.3
2000-02-01,283
2000-02-02,285.6
2000-02-03,285.05
2000-02-04,293.65
2000-02-07,312.7
2000-02-08,296.25
2000-02-09,308.6
2000-02-10,309
2000-02-11,311.5
2000-02-14,308.35
2000-02-15,304.25
2000-02-16,302.5
2000-02-17,304.75
2000-02-18,303.55
2000-02-21,305.25
2000-02-22,302.25
2000-02-23,302
2000-02-24,298.75
2000-02-25,294
2000-02-28,292.5
2000-02-29,293.65
2000-03-01,292.9
2000-03-02,289.9
2000-03-03,288.5
2000-03-06,288.8
2000-03-07,289.75
2000-03-08,291.2
2000-03-09,290.5
2000-03-10,290.25
2000-03-13,290.65
2000-03-14,288.75
2000-03-15,289.15
2000-03-16,287.35
2000-03-17,283.9
2000-03-20,285.75
2000-03-21,285.15
2000-03-22,287.8
2000-03-23,284.75
2000-03-24,284.85
2000-03-27,284.15
2000-03-28,280.65
2000-03-29,279.75
2000-03-30,275.75
2000-03-31,276.75
2000-04-03,277.5
2000-04-04,276.85
2000-04-05,281.3
2000-04-06,279.35
2000-04-07,280.15
2000-04-10,282.25
2000-04-11,282.5
2000-04-12,280.4
2000-04-13,281.4
2000-04-14,282
2000-04-17,281.75
2000-04-18,281.1
2000-04-19,281.35
2000-04-20,279.85
2000-04-25,279.5
2000-04-26,276.2
2000-04-27,276
2000-04-28,275.05
2000-05-02,275.45
2000-05-03,275.6
2000-05-04,280
2000-05-05,280.75
2000-05-08,277.9
2000-05-09,276.3
2000-05-10,277.6
2000-05-11,276.75
2000-05-12,276.65
2000-05-15,275.05
2000-05-16,276
2000-05-17,273.1
2000-05-18,272.8
2000-05-19,273.15
2000-05-22,274
2000-05-23,274.05
2000-05-24,273.7
2000-05-25,273.35
2000-05-26,271.3
2000-05-30,273.15
2000-05-31,272.25
2000-06-01,272.5
2000-06-02,281.6
2000-06-05,283.25
2000-06-06,288.4
2000-06-07,284.1
2000-06-08,285.75
2000-06-09,284.4
2000-06-12,284.6
2000-06-13,291.5
2000-06-14,287.15
2000-06-15,287.4
2000-06-16,290.1
2000-06-19,285.9
2000-06-20,286.2
2000-06-21,286.05
2000-06-22,287.65
2000-06-23,285.8
2000-06-26,284.05
2000-06-27,283.8
2000-06-28,288
2000-06-29,289.75
2000-06-30,288.15
2000-07-03,287.65
2000-07-04,286.5
2000-07-05,286.85
2000-07-06,284.9
2000-07-07,282.85
2000-07-10,284.1
2000-07-11,282.85
2000-07-12,279.95
2000-07-13,280.8
2000-07-14,280.25
2000-07-17,282.45
2000-07-18,282.75
2000-07-19,279.2
2000-07-20,279.35
2000-07-21,279.3
2000-07-24,279.75
2000-07-25,279.7
2000-07-26,279.4
2000-07-27,279.85
2000-07-28,278.1
2000-07-31,276.75
2000-08-01,277.6
2000-08-02,277.6
2000-08-03,275.5
2000-08-04,273.95
2000-08-07,273.2
2000-08-08,273.1
2000-08-09,272
2000-08-10,272.2
2000-08-11,272.7
2000-08-14,275.45
2000-08-15,274.15
2000-08-16,276.35
2000-08-17,277.2
2000-08-18,275.6
2000-08-21,274.6
2000-08-22,273.4
2000-08-23,273.15
2000-08-24,272.6
2000-08-25,273.65
2000-08-29,274
2000-08-30,273.3
2000-08-31,277
2000-09-01,277
2000-09-04,276.65
2000-09-05,275
2000-09-06,274.15
2000-09-07,272.7
2000-09-08,272.75
2000-09-11,272.55
2000-09-12,274.65
2000-09-13,272.5
2000-09-14,273.1
2000-09-15,272.6
2000-09-18,273
2000-09-19,271.85
2000-09-20,271.4
2000-09-21,269.5
2000-09-22,273.95
2000-09-25,272.85
2000-09-26,274.85
2000-09-27,276.15
2000-09-28,276.4
2000-09-29,273.65
2000-10-02,273.1
2000-10-03,272.1
2000-10-04,271.35
2000-10-05,270.4
2000-10-06,270
2000-10-09,270
2000-10-10,270.5
2000-10-11,272.75
2000-10-12,274
2000-10-13,273.25
2000-10-16,271.6
2000-10-17,270.25
2000-10-18,272
2000-10-19,270.3
2000-10-20,270.45
2000-10-23,271.45
2000-10-24,270.2
2000-10-25,266.8
2000-10-26,266.4
2000-10-27,263.8
2000-10-30,264.75
2000-10-31,264.5
2000-11-01,265.5
2000-11-02,264.85
2000-11-03,264.65
2000-11-06,265.7
2000-11-07,265.5
2000-11-08,264.1
2000-11-09,264.65
2000-11-10,264.85
2000-11-13,264.85
2000-11-14,264.95
2000-11-15,264.6
2000-11-16,266.7
2000-11-17,265.25
2000-11-20,266.15
2000-11-21,266.15
2000-11-22,266.15
2000-11-23,265.7
2000-11-24,265.55
2000-11-27,268.15
2000-11-28,269.95
2000-11-29,269.1
2000-11-30,269.1
2000-12-01,269.2
2000-12-04,270.7
2000-12-05,270.8
2000-12-06,271.6
2000-12-07,273.9
2000-12-08,272.95
2000-12-11,270.7
2000-12-12,270.75
2000-12-13,269.6
2000-12-14,269.3
2000-12-15,270.35
2000-12-18,270.2
2000-12-19,269.55
2000-12-20,272.45
2000-12-21,273.1
2000-12-27,275.05
2000-12-28,274.45
2001-01-02,271.1
2001-01-03,267.15
2001-01-04,267.1
2001-01-05,267.4
2001-01-08,268.3
2001-01-09,267
2001-01-10,266.3
2001-01-11,264.15
2001-01-12,263.7
2001-01-15,263.5
2001-01-16,264.45
2001-01-17,263.5
2001-01-18,264.9
2001-01-19,264.9
2001-01-22,266.15
2001-01-23,266.1
2001-01-24,264.25
2001-01-25,264.9
2001-01-26,263.55
2001-01-29,262.85
2001-01-30,264.95
2001-01-31,264.5
2001-02-01,267.65
2001-02-02,266.7
2001-02-05,265.45
2001-02-06,262.7
2001-02-07,263.15
2001-02-08,262.95
2001-02-09,259.9
2001-02-12,261.1
2001-02-13,260.75
2001-02-14,260.25
2001-02-15,258.55
2001-02-16,257.45
2001-02-19,259.45
2001-02-20,256.25
2001-02-21,257.5
2001-02-22,258.85
2001-02-23,260.45
2001-02-26,263.2
2001-02-27,268.3
2001-02-28,266.7
2001-03-01,266.35
2001-03-02,263.1
2001-03-05,262.5
2001-03-06,261.85
2001-03-07,260.65
2001-03-08,263.65
2001-03-09,269.8
2001-03-12,272.5
2001-03-13,269.3
2001-03-14,263.85
2001-03-15,262.05
2001-03-16,260.7
2001-03-19,260.55
2001-03-20,261.55
2001-03-21,262
2001-03-22,261.15
2001-03-23,262.85
2001-03-26,262.2
2001-03-27,262
2001-03-28,260.15
2001-03-29,260.15
2001-03-30,257.7
2001-04-02,255.95
2001-04-03,257.1
2001-04-04,259.45
2001-04-05,258.1
2001-04-06,258.8
2001-04-09,259
2001-04-10,256.65
2001-04-11,257.7
2001-04-12,259.25
2001-04-17,260.55
2001-04-18,258.85
2001-04-19,263.1
2001-04-20,263.85
2001-04-23,262.6
2001-04-24,263.4
2001-04-25,263.5
2001-04-26,263.5
2001-04-27,264.6
2001-04-30,263.15
2001-05-01,264
2001-05-02,263.95
2001-05-03,266.4
2001-05-04,266.6
2001-05-08,265.2
2001-05-09,267.85
2001-05-10,268.45
2001-05-11,269.05
2001-05-14,268.35
2001-05-15,266.6
2001-05-16,270.9
2001-05-17,274
2001-05-18,273
2001-05-21,291.25
2001-05-22,284.15
2001-05-23,283.15
2001-05-24,286.05
2001-05-25,276.25
2001-05-29,275.75
2001-05-30,271
2001-05-31,267.5
2001-06-01,265.4
2001-06-04,266.5
2001-06-05,265.7
2001-06-06,265.5
2001-06-07,266.1
2001-06-08,267
2001-06-11,268.5
2001-06-12,269.9
2001-06-13,271.95
2001-06-14,272.4
2001-06-15,272.2
2001-06-18,272
2001-06-19,273.4
2001-06-20,271.5
2001-06-21,271.7
2001-06-22,273.3
2001-06-25,272.9
2001-06-26,274
2001-06-27,274.8
2001-06-28,269.5
2001-06-29,270.6
2001-07-02,268.35
2001-07-03,268.5
2001-07-04,267.6
2001-07-05,266.3
2001-07-06,265.1
2001-07-09,266.1
2001-07-10,267.45
2001-07-11,267.55
2001-07-12,266.3
2001-07-13,266.35
2001-07-16,268.25
2001-07-17,267.6
2001-07-18,268.55
2001-07-19,270.3
2001-07-20,269.7
2001-07-23,268.7
2001-07-24,268.75
2001-07-25,268.4
2001-07-26,267.5
2001-07-27,266.15
2001-07-30,266.3
2001-07-31,265.9
2001-08-01,267.35
2001-08-02,267
2001-08-03,267.85
2001-08-06,267.2
2001-08-07,266.45
2001-08-08,266.4
2001-08-09,270
2001-08-10,275.8
2001-08-13,275.6
2001-08-14,274.5
2001-08-15,275.35
2001-08-16,275.9
2001-08-17,277.45
2001-08-20,276.65
2001-08-21,276.3
2001-08-22,275.85
2001-08-23,274.85
2001-08-24,272.8
2001-08-28,271.05
2001-08-29,272.85
2001-08-30,272.3
2001-08-31,273
2001-09-03,273.35
2001-09-04,272.3
2001-09-05,271.3
2001-09-06,272.05
2001-09-07,273.6
2001-09-10,271.5
2001-09-11,287
2001-09-12,279
2001-09-13,280.25
2001-09-14,285.75
2001-09-17,293.25
2001-09-18,289.4
2001-09-19,288.1
2001-09-20,288.5
2001-09-21,292.5
2001-09-24,288.2
2001-09-25,288
2001-09-26,291.45
2001-09-27,289.8
2001-09-28,293.1
2001-10-01,290.6
2001-10-02,291.65
2001-10-03,290.1
2001-10-04,290.35
2001-10-05,291.2
2001-10-08,291.85
2001-10-09,290
2001-10-10,287.15
2001-10-11,281.85
2001-10-12,281.8
2001-10-15,281.85
2001-10-16,281.1
2001-10-17,281.6
2001-10-18,281
2001-10-19,279.15
2001-10-22,275.9
2001-10-23,276.05
2001-10-24,275.5
2001-10-25,276.7
2001-10-26,277.25
2001-10-29,278.6
2001-10-30,280.4
2001-10-31,278.75
2001-11-01,280.6
2001-11-02,279.9
2001-11-05,278.25
2001-11-06,278.95
2001-11-07,280.3
2001-11-08,279.95
2001-11-09,277.15
2001-11-12,280
2001-11-13,276.5
2001-11-14,278.25
2001-11-15,275.45
2001-11-16,274.5
2001-11-19,273.6
2001-11-20,272.95
2001-11-21,272.8
2001-11-22,272.75
2001-11-23,273.1
2001-11-26,272.6
2001-11-27,273.3
2001-11-28,274.4
2001-11-29,274.8
2001-11-30,275.5
2001-12-03,276.35
2001-12-04,276.6
2001-12-05,275
2001-12-06,274.55
2001-12-07,274.1
2001-12-10,272.65
2001-12-11,272.2
2001-12-12,273.5
2001-12-13,274.35
2001-12-14,277.05
2001-12-17,277.75
2001-12-18,278.85
2001-12-19,278.65
2001-12-20,276.1
2001-12-21,277.5
2001-12-27,277.7
2001-12-28,276.5
2002-01-02,278.35
2002-01-03,278.8
2002-01-04,277.75
2002-01-07,278.6
2002-01-08,278.6
2002-01-09,281.1
2002-01-10,286.85
2002-01-11,285.75
2002-01-14,286.35
2002-01-15,284.2
2002-01-16,284.6
2002-01-17,285
2002-01-18,283.2
2002-01-21,282.3
2002-01-22,282.05
2002-01-23,280.75
2002-01-24,279.2
2002-01-25,279
2002-01-28,279.1
2002-01-29,277.9
2002-01-30,281.5
2002-01-31,282.3
2002-02-01,283.9
2002-02-04,287.4
2002-02-05,291.95
2002-02-06,299.5
2002-02-07,299.5
2002-02-08,304.3
2002-02-11,297.75
2002-02-12,298.9
2002-02-13,297.4
2002-02-14,299
2002-02-15,299.85
2002-02-18,297.35
2002-02-19,296.5
2002-02-20,291.3
2002-02-21,292.15
2002-02-22,292.75
2002-02-25,291.95
2002-02-26,294.2
2002-02-27,297.4
2002-02-28,296.85
2002-03-01,295.4
2002-03-04,297.4
2002-03-05,297.8
2002-03-06,292.7
2002-03-07,291
2002-03-08,289.15
2002-03-11,291.2
2002-03-12,293.6
2002-03-13,293.15
2002-03-14,291.2
2002-03-15,290.3
2002-03-18,292.05
2002-03-19,293.1
2002-03-20,291.85
2002-03-21,292.75
2002-03-22,294.25
2002-03-25,297.7
2002-03-26,296.1
2002-03-27,299
2002-03-28,301.4
2002-04-02,304
2002-04-03,303.75
2002-04-04,301.7
2002-04-05,301
2002-04-08,300.45
2002-04-09,298.7
2002-04-10,298
2002-04-11,301.3
2002-04-12,300.35
2002-04-15,300.1
2002-04-16,297.75
2002-04-17,300.85
2002-04-18,304.25
2002-04-19,301.8
2002-04-22,303.7
2002-04-23,302.7
2002-04-24,304.2
2002-04-25,307.25
2002-04-26,306.6
2002-04-29,309.7
2002-04-30,308.2
2002-05-01,308.35
2002-05-02,307.6
2002-05-03,310.45
2002-05-07,312
2002-05-08,310.5
2002-05-09,308.85
2002-05-10,311.15
2002-05-13,310.75
2002-05-14,308.4
2002-05-15,308.3
2002-05-16,310.1
2002-05-17,310.6
2002-05-20,311.5
2002-05-21,315.2
2002-05-22,317.1
2002-05-23,317.15
2002-05-24,320.95
2002-05-27,320.05
2002-05-28,320.2
2002-05-29,327.05
2002-05-30,326
2002-05-31,326.6
2002-06-05,322
2002-06-06,324.1
2002-06-07,326.4
2002-06-10,322.5
2002-06-11,316.8
2002-06-12,319.75
2002-06-13,318.75
2002-06-14,322.1
2002-06-17,317.8
2002-06-18,318.35
2002-06-19,320.65
2002-06-20,322.35
2002-06-21,322.7
2002-06-24,326.4
2002-06-25,321.7
2002-06-26,321.55
2002-06-27,318.8
2002-06-28,318.5
2002-07-01,312.1
2002-07-02,314.45
2002-07-03,310.85
2002-07-04,310.6
2002-07-05,311.3
2002-07-08,311.7
2002-07-09,313.8
2002-07-10,314.8
2002-07-11,314.15
2002-07-12,316.7
2002-07-15,319
2002-07-16,318.25
2002-07-17,316.15
2002-07-18,317.65
2002-07-19,322.9
2002-07-22,322.9
2002-07-23,319.7
2002-07-24,311.25
2002-07-25,309.45
2002-07-26,304.95
2002-07-29,303
2002-07-30,305.4
2002-07-31,304.65
2002-08-01,302.25
2002-08-02,305.05
2002-08-05,309.5
2002-08-06,305.75
2002-08-07,312.2
2002-08-08,312.15
2002-08-09,312.95
2002-08-12,316.7
2002-08-13,313.8
2002-08-14,315.65
2002-08-15,312.65
2002-08-16,314.2
2002-08-19,310.1
2002-08-20,308
2002-08-21,306.55
2002-08-22,305.4
2002-08-23,305.95
2002-08-27,310.5
2002-08-28,311.1
2002-08-29,312.1
2002-08-30,312.8
2002-09-02,312
2002-09-03,313.5
2002-09-04,313
2002-09-05,317.55
2002-09-06,319.25
2002-09-09,322.5
2002-09-10,319.1
2002-09-11,315.5
2002-09-12,318.85
2002-09-13,318.8
2002-09-16,315.35
2002-09-17,315.9
2002-09-18,318.7
2002-09-19,322.25
2002-09-20,322.3
2002-09-23,322.5
2002-09-24,326.3
2002-09-25,325.15
2002-09-26,319.6
2002-09-27,320.05
2002-09-30,323.7
2002-10-01,321.75
2002-10-02,322.2
2002-10-03,322.1
2002-10-04,320.3
2002-10-07,321.75
2002-10-08,319
2002-10-09,319.35
2002-10-10,318.95
2002-10-11,316.85
2002-10-14,317.75
2002-10-15,316.2
2002-10-16,314.05
2002-10-17,310.75
2002-10-18,312.75
2002-10-21,312.6
2002-10-22,312.55
2002-10-23,312.1
2002-10-24,311.75
2002-10-25,313
2002-10-28,314.45
2002-10-29,317.15
2002-10-30,316.55
2002-10-31,316.9
2002-11-01,319.85
2002-11-04,317.55
2002-11-05,318.5
2002-11-06,317.3
2002-11-07,319.25
2002-11-08,321.7
2002-11-11,320.7
2002-11-12,321.75
2002-11-13,324
2002-11-14,318.6
2002-11-15,319.1
2002-11-18,318.75
2002-11-19,319.7
2002-11-20,318.85
2002-11-21,317.65
2002-11-22,317.7
2002-11-25,317.45
2002-11-26,317.5
2002-11-27,317.85
2002-11-28,317.6
2002-11-29,319.05
2002-12-02,316.45
2002-12-03,319.7
2002-12-04,322.1
2002-12-05,322.45
2002-12-06,325.75
2002-12-09,325.1
2002-12-10,323.1
2002-12-11,324.25
2002-12-12,326.4
2002-12-13,332.2
2002-12-16,333
2002-12-17,339
2002-12-18,338
2002-12-19,345
2002-12-20,341.6
2002-12-23,343.95
2002-12-27,349.3
2002-12-30,347.2
2003-01-02,343.8
2003-01-03,344.5
2003-01-06,351.75
2003-01-07,349
2003-01-08,349.75
2003-01-09,352.4
2003-01-10,353
2003-01-13,352.55
2003-01-14,353.1
2003-01-15,351
2003-01-16,352.3
2003-01-17,357
2003-01-20,355.85
2003-01-21,353.8
2003-01-22,358.5
2003-01-23,364.7
2003-01-24,366
2003-01-27,368.5
2003-01-28,368.4
2003-01-29,369.9
2003-01-30,367.6
2003-01-31,367.5
2003-02-03,369.5
2003-02-04,376.55
2003-02-05,382.1
2003-02-06,375.8
2003-02-07,373.25
2003-02-10,370.5
2003-02-11,364
2003-02-12,356.3
2003-02-13,352.8
2003-02-14,354.25
2003-02-17,347
2003-02-18,344.1
2003-02-19,346
2003-02-20,351.55
2003-02-21,352.3
2003-02-24,355.2
2003-02-25,357.6
2003-02-26,351.9
2003-02-27,351.25
2003-02-28,347.45
2003-03-03,345.5
2003-03-04,353.4
2003-03-05,353.95
2003-03-06,354.7
2003-03-07,350.75
2003-03-10,354.45
2003-03-11,348.7
2003-03-12,346.1
2003-03-13,334.5
2003-03-14,335.2
2003-03-17,340.75
2003-03-18,338.8
2003-03-19,335.8
2003-03-20,335.8
2003-03-21,333.5
2003-03-24,329.45
2003-03-25,331.9
2003-03-26,329.95
2003-03-27,332.75
2003-03-28,330.75
2003-03-31,334.85
2003-04-01,334.35
2003-04-02,329.3
2003-04-03,323.7
2003-04-04,323.8
2003-04-07,319.9
2003-04-08,323.4
2003-04-09,321.35
